{
    "bulkdens": {
        "min": 67.9238681631499,
        "max": 165.68412334344745
    },
    "clay": {
        "min": 3.4751525010907,
        "max": 37.41359042906179
    },
    "ph": {
        "min": 45.950137866228864,
        "max": 82.26468797543018
    },
    "sand": {
        "min": 8.651018211622574,
        "max": 91.69536842794007
    },
    "soc": {
        "min": 0.425116512336856,
        "max": 41.67734447299259
    },
    "swc": {
        "min": 11.46556955999833,
        "max": 46.348259889095615
    }
}