{
    "bulkdens_0": {
        "min": 67.9238681631499,
        "max": 165.68412334344745
    },
    "bulkdens_10": {
        "min": 68.16586872685006,
        "max": 168.6459352449053
    },
    "bulkdens_100": {
        "min": 78.04114475611344,
        "max": 182.20443093290902
    },
    "bulkdens_200": {
        "min": 81.98551172582576,
        "max": 183.71482732881012
    },
    "bulkdens_30": {
        "min": 73.74413259389674,
        "max": 173.85221989550394
    },
    "bulkdens_60": {
        "min": 76.1208151049858,
        "max": 179.77343709883291
    },
    "clay_0": {
        "min": 3.4751525010907,
        "max": 37.41359042906179
    },
    "clay_10": {
        "min": 2.641914878511863,
        "max": 38.1345316716986
    },
    "clay_100": {
        "min": 7.288412647654344,
        "max": 42.8253059059087
    },
    "clay_200": {
        "min": 7.591690052351893,
        "max": 47.88749808430252
    },
    "clay_30": {
        "min": 3.477103325746455,
        "max": 40.84064901235045
    },
    "clay_60": {
        "min": 4.83325297432496,
        "max": 42.986366066621315
    },
    "ph_0": {
        "min": 45.950137866228864,
        "max": 82.26468797543018
    },
    "ph_10": {
        "min": 46.223738424997265,
        "max": 82.23963505607959
    },
    "ph_100": {
        "min": 48.64861508859853,
        "max": 83.79934345065617
    },
    "ph_200": {
        "min": 49.39804315333833,
        "max": 84.35951056655824
    },
    "ph_30": {
        "min": 47.83992443573829,
        "max": 82.24827139607315
    },
    "ph_60": {
        "min": 48.19137573574946,
        "max": 83.04458173674114
    },
    "sand_0": {
        "min": 8.651018211622574,
        "max": 91.69536842794007
    },
    "sand_10": {
        "min": 8.372077706577716,
        "max": 92.941329487781
    },
    "sand_100": {
        "min": 8.892305079357467,
        "max": 89.15328354432356
    },
    "sand_200": {
        "min": 10.602815043984025,
        "max": 87.63589614452707
    },
    "sand_30": {
        "min": 8.012378595480323,
        "max": 92.97430427160808
    },
    "sand_60": {
        "min": 7.9797168458565455,
        "max": 91.56623823361458
    },
    "soc_0": {
        "min": 0.425116512336856,
        "max": 41.67734447299259
    },
    "soc_10": {
        "min": 0.41486909347156214,
        "max": 38.87877832286953
    },
    "soc_100": {
        "min": 0.018079402465516013,
        "max": 32.99638251549154
    },
    "soc_200": {
        "min": 5.036264561099918e-05,
        "max": 28.12530537162682
    },
    "soc_30": {
        "min": 0.2734299375165804,
        "max": 37.59753415219637
    },
    "soc_60": {
        "min": 0.10166949178565261,
        "max": 35.85359790023965
    },
    "swc_0": {
        "min": 11.46556955999833,
        "max": 46.348259889095615
    },
    "swc_10": {
        "min": 11.37800553955911,
        "max": 45.417845789686645
    },
    "swc_100": {
        "min": 11.758283156799449,
        "max": 44.49799232877613
    },
    "swc_200": {
        "min": 11.483069671410679,
        "max": 46.5331620447339
    },
    "swc_30": {
        "min": 11.667169588481771,
        "max": 43.99266699617261
    },
    "swc_60": {
        "min": 11.89585351321177,
        "max": 44.406382973895106
    },
    "dayl": {
        "min": 43200.06643703619,
        "max": 43200.16796875
    },
    "prcp": {
        "min": 0.18160421357784037,
        "max": 7.8376957998809145
    },
    "srad": {
        "min": 243.4722388413275,
        "max": 447.74070343075647
    },
    "swe": {
        "min": 0.0,
        "max": 210.57751709818316
    },
    "tmax": {
        "min": 8.815290587060602,
        "max": 32.332802995113326
    },
    "tmin": {
        "min": -5.258557759983924,
        "max": 21.32510287121564
    },
    "vp": {
        "min": 271.6669361779016,
        "max": 2537.4929074270135
    },
    "ndvi": {
        "min": 0.03238128627127058,
        "max": 0.3307935371730374
    },
    "linear_ndvi": {
        "min": -0.05042450129985809,
        "max": 0.26275190711021423
    },
    "dnn_ndvi": {
        "min": 0.008422929793596268,
        "max": 0.28514087200164795
    }
}